,t,precision,n
0,12,0.2,50
1,24,0.19230769230769232,26
2,36,0.20833333333333334,24
3,48,0.23076923076923078,13
4,60,0.15384615384615385,13
5,72,0.125,8
6,84,0.16666666666666666,6
7,96,0.23076923076923078,13
8,108,0.2,50
9,120,0.28,25
10,132,0.12,25
11,144,0.07692307692307693,13
12,156,0.16666666666666666,12
13,168,0.16666666666666666,12
14,180,0.0,7
15,192,0.16666666666666666,6
